miliseg,AcX,AcY,AcZ,GyX,GyY,GyZ
2002543,9.25,-1.73,0.27,2.17,0.52,-0.17
2002556,8.76,-0.33,1.25,1.51,0.48,-0.12
2002570,8.82,-0.78,1.93,0.91,0.22,0.11
2002584,9.04,-2.58,2.14,0.59,-0.04,0.29
2002597,9.41,-3.78,1.61,0.56,-0.23,0.45
2002611,9.85,-4.81,1.27,0.92,-0.08,0.53
2002625,9.75,-5.66,1.46,1.42,0.05,0.41
2002638,9.34,-5.01,1.53,1.85,0.12,0.29
2002652,8.97,-3.53,1.67,1.81,0.1,-0.03
2002666,8.56,-1.55,1.72,1.24,0.08,-0.27
2002679,8.04,1.12,2.11,-0.27,0.06,-0.67
2002693,7.7,3.48,2.85,-2.23,-0.15,-1.0
2002707,7.65,3.58,3.13,-3.86,-0.65,-0.8
2002720,8.22,0.72,2.15,-4.86,-1.31,-0.17
2002734,9.33,-3.11,0.6,-5.04,-1.62,0.19
2002748,10.64,-6.55,-0.94,-4.59,-1.29,0.03
2002761,11.35,-7.42,-1.58,-3.71,-0.53,-0.28
2002775,11.07,-6.28,-0.78,-2.44,0.2,-0.29
2002789,10.44,-5.78,-0.17,-1.29,0.42,-0.13
2002803,10.26,-5.86,-0.29,-0.35,0.38,-0.18
2002816,10.24,-5.28,-0.77,0.38,0.41,-0.27
2002830,9.92,-4.55,-0.56,1.03,0.5,-0.15
2002844,9.72,-4.17,-0.24,1.56,0.45,0.03
2002857,9.88,-4.05,-0.22,2.0,0.38,0.21
2002871,9.94,-4.23,-0.32,2.37,0.41,0.36
2002885,9.7,-3.85,-0.1,2.43,0.48,0.25
2002898,9.36,-2.8,0.44,2.25,0.49,0.11
2002912,9.13,-2.35,1.01,2.1,0.42,0.21
2002926,9.12,-3.01,1.47,2.11,0.26,0.44
2002939,9.25,-4.06,1.55,2.3,0.11,0.58
2002953,9.39,-4.61,1.18,2.57,0.06,0.57
2002967,9.22,-3.57,0.9,2.41,0.13,0.25
2002980,8.96,-1.94,1.16,1.93,0.25,-0.04
2002994,8.59,-0.69,1.82,1.08,0.32,-0.19
2003008,8.46,-0.04,2.48,0.03,0.18,-0.32
2003021,8.56,0.03,2.66,-0.84,0.05,-0.14
2003035,8.55,-1.33,2.96,-1.58,-0.29,-0.0
2003049,8.81,-2.27,2.3,-2.26,-0.6,-0.14
2003062,9.14,-2.1,1.73,-2.87,-0.69,-0.41
2003076,9.06,-1.11,1.43,-3.7,-0.73,-0.71
2003090,9.17,-0.35,1.19,-4.58,-0.88,-0.75
2003103,9.52,-0.73,0.59,-5.11,-1.06,-0.55
2003117,10.28,-3.37,-0.56,-4.77,-1.0,0.1
2003131,10.81,-7.12,-1.67,-3.56,-0.53,0.57
2003144,11.18,-10.04,-1.59,-2.1,0.13,0.35
2003158,10.62,-8.54,-0.59,-0.64,0.45,-0.11
2003172,9.68,-5.75,-0.56,0.83,0.5,-0.09
2003185,9.55,-4.79,-0.47,1.89,0.48,0.13
2003199,9.54,-3.8,-0.46,2.21,0.41,-0.01
2003213,9.42,-1.72,-0.26,1.74,0.42,-0.32
2003226,9.28,-0.25,0.24,1.16,0.44,-0.28
2003240,9.18,-0.72,0.85,0.69,0.38,0.09
2003254,9.42,-3.08,1.24,0.63,0.22,0.45
2003267,9.62,-5.43,1.08,1.01,0.04,0.47
2003281,9.83,-5.87,0.32,1.76,0.09,0.51
2003295,10.13,-5.83,-0.05,2.84,0.34,0.61
2003309,9.84,-5.84,-0.24,3.76,0.55,0.62
2003322,9.57,-4.88,0.07,4.36,0.71,0.51
2003336,8.97,-2.8,0.58,4.08,0.65,0.14
2003350,8.52,-0.44,1.26,3.18,0.51,-0.21
2003363,8.34,1.27,1.85,1.78,0.41,-0.31
2003377,8.35,1.79,2.75,0.14,0.23,-0.42
2003391,8.23,1.35,3.08,-1.35,-0.08,-0.4
2003404,8.24,0.31,3.23,-2.79,-0.54,-0.4
2003418,8.77,-1.04,2.44,-3.73,-0.97,-0.32
2003432,9.32,-2.23,1.48,-4.16,-1.16,-0.17
2003445,9.68,-3.46,0.84,-4.16,-1.11,-0.03
2003459,9.88,-4.89,0.6,-3.89,-0.97,-0.07
2003473,9.83,-4.53,0.57,-3.69,-0.84,-0.27
2003486,9.87,-4.13,0.13,-3.16,-0.67,-0.24
2003500,9.96,-4.46,-0.28,-2.51,-0.38,-0.07
2003514,10.14,-5.13,-0.42,-1.82,-0.08,-0.02
2003527,10.1,-5.33,-0.34,-1.07,0.16,-0.06
2003541,9.95,-4.89,-0.3,-0.38,0.29,-0.1
2003555,9.9,-4.65,-0.25,0.32,0.36,0.0
2003568,9.9,-4.96,-0.2,1.11,0.4,0.17
2003582,9.88,-5.15,-0.01,1.65,0.33,0.13
2003596,9.85,-3.99,-0.56,1.91,0.35,-0.0
2003609,9.77,-3.03,-0.29,2.08,0.53,0.07
2003624,9.49,-3.36,0.42,2.33,0.57,0.31
2003637,9.44,-4.43,0.78,2.72,0.46,0.5
2003651,9.57,-5.09,0.47,3.16,0.39,0.53
2003665,9.5,-4.41,0.03,3.31,0.46,0.32
2003678,9.05,-1.93,0.36,2.65,0.57,-0.16
2003692,8.6,0.38,1.28,1.66,0.61,-0.34
2003706,8.3,0.96,2.6,0.41,0.4,-0.36
2003719,8.33,0.78,2.67,-0.81,-0.07,-0.12
2003733,8.6,-0.61,2.49,-1.67,-0.41,0.2
2003747,9.18,-3.13,2.03,-2.32,-0.67,-0.07
2003760,9.19,-2.66,1.5,-3.04,-0.77,-0.42
2003774,9.08,-1.04,1.29,-3.73,-0.88,-0.58
2003788,9.2,-0.94,0.76,-4.37,-1.06,-0.5
2003801,9.35,-1.3,-0.02,-4.98,-1.15,-0.42
2003815,9.94,-2.54,-0.75,-5.01,-1.05,-0.12
2003829,10.29,-5.18,-1.42,-4.23,-0.76,0.33
2003842,10.62,-8.6,-1.52,-2.96,-0.3,0.28
2003856,10.38,-8.14,-0.92,-1.59,0.04,0.04
2003870,9.95,-5.64,-1.04,-0.39,0.15,-0.12
2003883,9.62,-3.88,-1.14,0.32,0.25,-0.13
2003897,9.46,-3.34,-0.7,0.86,0.35,0.01
2003911,9.33,-3.33,-0.14,1.04,0.26,0.02
2003924,9.47,-2.86,-0.32,0.97,0.16,-0.06
2003938,9.66,-2.58,-0.3,1.0,0.19,0.09
2003952,9.68,-3.78,-0.03,1.44,0.22,0.4
2003965,9.84,-5.61,-0.21,2.25,0.27,0.62
2003979,10.05,-6.77,-0.58,3.45,0.43,0.72
2003993,10.08,-6.58,-1.09,4.66,0.67,0.67
2004006,9.77,-5.53,-1.12,5.52,0.9,0.54
2004020,9.35,-4.05,-0.75,5.92,0.97,0.38
2004034,9.01,-2.27,-0.34,5.72,0.96,0.2
2004047,8.7,-0.4,0.14,4.72,0.95,-0.07
2004061,8.34,1.89,1.72,2.91,0.89,-0.52
2004075,7.95,3.61,2.89,0.78,0.65,-0.59
2004088,7.88,2.84,4.38,-1.01,0.11,-0.35
2004102,8.06,0.19,3.38,-2.35,-0.71,0.07
2004116,9.26,-3.09,1.98,-2.84,-0.99,0.4
2004129,9.88,-5.91,1.6,-2.83,-0.98,-0.0
2004143,9.53,-4.19,1.52,-3.1,-0.9,-0.38
2004157,9.32,-2.19,1.71,-3.27,-0.97,-0.53
2004171,9.18,-1.77,1.22,-3.55,-1.07,-0.41
2004184,9.51,-2.54,0.33,-3.7,-1.02,-0.21
2004198,9.86,-3.6,-0.2,-3.67,-0.79,-0.14
2004212,9.96,-4.27,-0.37,-3.45,-0.51,-0.16
2004226,9.86,-4.21,-0.28,-3.29,-0.32,-0.26
2004239,9.78,-3.95,-0.2,-2.96,-0.22,-0.25
2004253,9.7,-4.54,-0.27,-2.34,-0.15,-0.04
2004267,9.81,-5.66,-0.31,-1.62,-0.08,0.06
2004280,9.88,-5.77,-0.21,-0.85,-0.04,-0.07
2004294,9.81,-4.62,-0.48,-0.06,0.01,-0.02
2004308,9.86,-4.5,-0.69,0.81,0.14,0.22
2004321,9.91,-5.2,-0.66,1.71,0.29,0.35
2004335,9.78,-4.78,-0.68,2.24,0.4,0.2
2004349,9.47,-3.01,-0.74,2.21,0.52,-0.08
2004362,9.2,-1.49,-0.26,1.95,0.63,-0.12
2004376,9.07,-1.73,0.38,1.75,0.6,0.12
2004390,9.22,-3.26,0.68,1.82,0.48,0.36
2004403,9.6,-5.07,0.67,2.26,0.41,0.52
2004417,9.81,-5.87,0.61,2.96,0.39,0.52
2004431,9.84,-5.73,0.25,3.64,0.47,0.46
2004444,9.41,-3.71,-0.35,3.64,0.55,0.17
2004458,8.77,-0.5,0.57,2.7,0.75,-0.3
2004472,8.09,1.85,2.08,1.15,0.65,-0.62
2004485,7.75,3.28,3.05,-0.89,0.18,-0.81
2004499,7.88,2.78,3.1,-2.83,-0.47,-0.64
2004513,8.25,1.06,2.03,-4.23,-1.06,-0.4
2004526,9.18,-1.52,1.0,-4.85,-1.39,-0.14
2004540,10.29,-5.29,-0.53,-4.4,-1.29,0.24
2004554,10.83,-8.03,-0.8,-3.54,-0.83,0.05
2004568,10.6,-6.42,-0.26,-2.63,-0.39,-0.14
2004581,10.24,-5.32,-0.34,-1.58,-0.19,-0.1
2004595,10.02,-4.89,-0.55,-0.96,-0.02,-0.13
2004609,9.85,-4.18,-0.57,-0.49,0.15,-0.2
2004622,9.54,-3.43,-0.24,-0.15,0.19,-0.11
2004636,9.47,-3.51,-0.08,0.17,0.11,0.06
2004650,9.72,-4.04,-0.37,0.54,0.09,0.2
2004663,9.9,-4.34,-0.49,0.92,0.2,0.23
2004677,9.84,-4.42,-0.27,1.36,0.36,0.22
2004691,9.59,-4.59,0.24,1.9,0.35,0.26
2004704,9.62,-4.56,-0.18,2.39,0.38,0.33
2004718,9.67,-4.27,-0.22,2.85,0.53,0.32
2004732,9.35,-3.92,0.37,3.18,0.59,0.35
2004745,9.24,-3.56,0.58,3.34,0.52,0.35
2004759,9.26,-3.38,0.63,3.4,0.46,0.37
2004773,9.23,-3.18,0.74,3.27,0.48,0.28
2004786,9.09,-2.48,0.93,2.78,0.51,0.08
2004800,8.76,-0.57,1.58,1.62,0.51,-0.31
2004814,8.32,0.89,2.73,0.22,0.31,-0.59
2004827,8.12,1.68,2.82,-1.24,-0.01,-0.45
2004841,8.1,1.1,3.29,-2.88,-0.53,-0.38
2004855,8.35,-0.33,2.4,-4.22,-1.19,-0.4
2004868,9.11,-1.7,1.17,-5.0,-1.51,-0.35
2004882,9.65,-3.06,0.23,-5.27,-1.56,-0.25
2004896,9.9,-4.1,-0.23,-5.06,-1.44,-0.15
2004909,10.3,-5.07,-0.75,-4.45,-1.2,0.04
2004923,10.49,-5.88,-1.39,-3.56,-0.74,0.1
2004937,10.48,-6.34,-1.36,-2.45,-0.14,0.09
2004950,10.1,-6.31,-0.76,-1.4,0.23,0.01
2004964,9.77,-5.66,-0.25,-0.46,0.32,-0.13
2004978,9.68,-4.89,-0.37,0.45,0.29,-0.08
2004992,9.82,-4.85,-0.72,1.29,0.35,0.11
2005005,10.01,-4.98,-0.79,2.07,0.5,0.19
2005019,10.06,-4.99,-0.85,2.86,0.67,0.3
2005033,9.75,-4.04,-0.76,3.07,0.77,0.14
2005046,9.3,-1.9,-0.51,2.68,0.81,-0.16
2005060,9.05,-0.6,0.24,2.19,0.85,-0.07
2005074,8.99,-1.37,1.1,1.88,0.7,0.24
2005087,8.99,-3.33,1.73,1.78,0.31,0.45
2005101,9.35,-4.51,0.91,1.91,0.05,0.45
2005115,9.6,-4.02,0.21,1.83,0.11,0.28
2005128,9.22,-1.81,0.44,1.24,0.18,-0.19
2005142,8.91,-0.28,1.16,0.53,0.33,-0.12
2005156,8.55,-0.72,2.32,-0.23,0.08,-0.0
2005169,8.71,-2.36,2.23,-0.82,-0.39,0.0
2005183,9.3,-3.57,1.3,-1.07,-0.55,0.01
2005197,9.49,-3.75,0.9,-1.22,-0.44,-0.13
2005210,9.14,-2.08,1.08,-1.91,-0.33,-0.54
2005224,8.47,0.48,1.41,-3.08,-0.41,-0.85
2005238,8.32,1.6,1.45,-4.25,-0.7,-0.81
2005251,8.74,0.14,0.77,-5.0,-1.08,-0.34
2005265,9.85,-3.92,-0.55,-4.79,-1.17,0.11
2005279,10.71,-7.4,-1.22,-3.86,-0.83,0.15
2005292,10.96,-8.06,-1.32,-2.34,-0.26,0.14
2005306,10.75,-7.36,-1.53,-0.72,0.23,0.05
2005320,10.31,-6.1,-1.37,0.48,0.55,-0.08
2005333,9.8,-4.39,-1.05,1.15,0.66,-0.24
2005347,9.47,-2.53,-0.74,1.2,0.58,-0.32
2005361,9.33,-1.39,-0.57,0.91,0.45,-0.22
2005374,9.45,-1.6,-0.23,0.6,0.31,0.01
2005388,9.53,-3.08,0.1,0.55,0.1,0.22
2005402,9.8,-4.77,-0.33,0.94,0.01,0.39
2005415,10.12,-5.93,-0.49,1.87,0.16,0.57
2005429,10.06,-6.67,-0.51,3.08,0.31,0.74
2005443,10.12,-6.73,-1.09,4.38,0.51,0.77
2005456,9.88,-5.65,-1.25,5.33,0.76,0.64
2005470,9.5,-4.2,-0.9,5.75,0.88,0.49
2005484,8.85,-1.81,-0.11,5.18,0.83,0.13
2005498,8.36,1.53,0.45,3.56,0.8,-0.34
2005511,8.1,3.71,2.16,1.64,0.79,-0.48
2005525,7.76,3.3,4.02,-0.37,0.31,-0.33
2005539,7.77,0.66,3.78,-1.84,-0.52,0.07
2005552,8.85,-2.35,2.24,-2.48,-0.92,0.32
2005566,9.76,-5.32,1.53,-2.57,-0.86,-0.1
2005580,9.36,-3.56,1.59,-2.92,-0.71,-0.42
2005593,9.11,-1.07,2.01,-3.35,-0.81,-0.56
2005607,8.96,-0.68,1.53,-3.9,-1.06,-0.51
2005621,9.41,-1.73,0.37,-4.37,-1.12,-0.35
2005634,9.86,-2.78,-0.52,-4.56,-0.9,-0.32
2005648,10.05,-3.65,-0.85,-4.46,-0.52,-0.3
2005662,10.21,-4.9,-0.95,-3.72,-0.21,-0.06
2005676,10.37,-6.79,-1.08,-2.57,0.09,0.0
2005689,10.19,-7.02,-0.82,-1.4,0.27,-0.11
2005703,10.06,-5.79,-0.77,-0.19,0.31,-0.16
2005717,9.94,-4.92,-0.85,0.82,0.34,-0.08
2005730,9.76,-4.24,-0.7,1.38,0.32,-0.04
2005744,9.66,-2.86,-0.8,1.49,0.29,-0.09
2005757,9.66,-1.96,-0.76,1.36,0.34,-0.03
2005770,9.54,-2.16,-0.2,1.26,0.38,0.15
2005784,9.5,-3.45,0.29,1.38,0.26,0.34
2005798,9.73,-4.76,0.03,1.88,0.19,0.49
2005812,10.03,-5.61,-0.42,2.73,0.31,0.61
2005826,10.01,-5.81,-0.59,3.67,0.54,0.64
2005839,9.78,-5.11,-0.52,4.27,0.69,0.48
2005853,9.29,-3.27,-0.34,4.16,0.72,0.17
2005867,8.7,-0.2,0.25,3.05,0.71,-0.41
2005880,8.42,2.09,1.4,1.66,0.72,-0.48
2005894,8.3,1.45,2.65,0.49,0.45,-0.07
2005908,8.48,-0.86,2.83,-0.27,-0.02,0.3
2005921,8.97,-3.5,2.61,-0.62,-0.43,0.38
2005935,9.74,-5.23,1.58,-0.67,-0.44,0.11
2005949,9.24,-3.6,1.93,-1.08,-0.34,-0.43
2005962,8.59,-0.22,2.74,-1.89,-0.44,-0.6
2005976,8.43,0.57,2.78,-2.84,-0.89,-0.56
2005990,8.8,-0.38,1.72,-3.61,-1.24,-0.33
2006003,9.67,-2.09,0.24,-4.07,-1.23,-0.12
2006017,10.17,-3.39,-0.51,-4.19,-0.89,-0.14
2006031,10.34,-4.03,-0.74,-4.04,-0.49,-0.2
2006044,10.3,-4.79,-0.74,-3.47,-0.1,-0.2
2006058,10.25,-5.93,-0.66,-2.54,0.2,-0.24
2006072,10.09,-5.79,-0.76,-1.6,0.36,-0.25
2006086,9.93,-4.88,-0.78,-0.81,0.43,-0.31
2006099,9.79,-3.74,-0.59,-0.26,0.38,-0.27
2006113,9.67,-3.28,-0.51,0.13,0.27,-0.08
2006127,9.66,-3.5,-0.63,0.5,0.15,0.12
2006140,9.78,-3.56,-0.77,0.72,0.07,0.17
2006154,9.8,-3.0,-0.76,0.77,0.05,0.13
2006168,9.73,-2.53,-0.57,0.8,0.08,0.18
2006181,9.67,-3.05,-0.28,0.99,0.09,0.35
2006195,9.78,-4.14,-0.09,1.44,0.1,0.53
2006209,9.95,-5.27,-0.29,2.28,0.17,0.7
2006222,10.01,-5.74,-0.6,3.25,0.33,0.75
2006236,9.92,-5.13,-0.84,3.97,0.53,0.65
2006250,9.56,-4.07,-0.34,4.53,0.69,0.57
2006263,9.25,-3.17,-0.17,4.76,0.74,0.56
2006277,9.03,-2.03,0.1,4.28,0.78,0.32
2006291,8.56,0.43,0.89,2.86,0.78,-0.26
2006304,8.28,2.38,2.03,1.24,0.72,-0.45
2006318,7.98,2.2,3.37,-0.26,0.37,-0.28
2006332,7.97,0.11,3.43,-1.42,-0.34,0.01
2006345,8.73,-2.33,2.53,-2.06,-0.79,0.21
2006359,9.41,-4.2,1.78,-2.34,-0.92,-0.08
2006373,9.3,-2.6,1.21,-2.96,-0.84,-0.57
2006387,9.06,-0.27,1.43,-3.68,-0.8,-0.68
2006400,9.03,-0.35,1.32,-4.36,-1.01,-0.62
2006414,9.2,-1.27,0.51,-5.06,-1.2,-0.59
2006428,10.0,-3.11,-0.44,-4.89,-1.12,-0.21
2006441,10.44,-5.6,-1.04,-4.01,-0.79,0.22
2006455,10.77,-7.87,-1.4,-2.58,-0.26,0.34
2006469,10.75,-8.77,-0.89,-1.05,0.22,0.0
2006482,10.22,-6.61,-0.61,0.2,0.41,-0.18
2006496,9.78,-4.97,-0.83,1.43,0.49,-0.04
2006510,9.72,-3.77,-0.69,1.8,0.5,-0.12
2006523,9.53,-2.33,-0.5,1.66,0.5,-0.25
2006537,9.35,-1.52,0.14,1.39,0.47,-0.07
2006551,9.35,-2.79,0.55,1.35,0.31,0.26
2006564,9.67,-4.71,0.35,1.67,0.21,0.48
2006578,9.95,-5.99,0.0,2.41,0.26,0.59
2006592,10.04,-6.17,-0.35,3.39,0.42,0.65
2006605,10.02,-5.69,-0.73,4.24,0.64,0.62
2006619,9.62,-4.55,-0.5,4.7,0.83,0.47
2006633,9.03,-2.24,0.12,4.25,0.84,0.05
2006646,8.6,-0.03,0.91,3.34,0.8,-0.17
2006660,8.41,1.15,2.09,1.97,0.69,-0.21
2006674,8.14,1.61,2.91,0.35,0.31,-0.22
2006687,8.24,1.08,2.92,-1.04,-0.03,-0.12
2006701,8.75,-1.1,2.87,-2.17,-0.45,-0.01
2006714,8.84,-2.58,2.38,-3.04,-0.79,-0.45
2006727,8.72,-1.43,1.82,-3.8,-0.97,-0.57
2006741,9.08,-1.2,1.67,-4.3,-1.2,-0.39
2006755,9.25,-2.19,0.96,-4.59,-1.42,-0.27
2006768,9.58,-2.68,-0.02,-4.94,-1.4,-0.32
2006782,10.1,-2.94,-0.79,-4.96,-1.12,-0.29
2006796,10.22,-4.1,-1.21,-4.47,-0.71,-0.04
2006810,10.38,-6.17,-1.32,-3.58,-0.29,0.08
2006823,10.35,-7.2,-0.91,-2.46,0.08,-0.05
2006837,10.05,-6.13,-0.68,-1.32,0.24,-0.21
2006851,9.83,-4.75,-0.8,-0.45,0.27,-0.19
2006864,9.78,-4.21,-0.8,0.4,0.32,-0.03
2006878,9.68,-4.63,-0.61,1.16,0.33,0.13
2006892,9.73,-4.43,-0.75,1.62,0.31,0.12
2006905,9.75,-3.39,-0.96,1.82,0.36,0.05
2006919,9.53,-2.4,-0.71,1.81,0.46,0.07
2006933,9.35,-2.25,-0.06,1.74,0.46,0.17
2006946,9.36,-3.08,0.16,1.8,0.35,0.33
2006960,9.59,-4.27,0.04,2.14,0.31,0.45
2006974,9.65,-4.7,-0.28,2.48,0.35,0.41
2006987,9.59,-3.69,-0.4,2.64,0.48,0.22
2007001,9.25,-2.09,-0.07,2.3,0.57,0.02
2007015,8.96,-0.75,0.58,1.65,0.56,-0.15
2007028,8.74,-0.47,1.74,0.88,0.39,-0.12
2007042,8.87,-1.09,1.72,0.3,0.04,0.09
2007056,9.44,-3.09,1.5,0.03,-0.14,0.14
2007069,9.36,-3.71,1.18,-0.14,-0.23,0.05
2007083,9.47,-3.29,0.91,-0.16,-0.18,-0.01
2007097,9.21,-2.71,1.23,-0.27,-0.12,-0.05
2007110,8.89,-1.84,1.45,-0.75,-0.19,-0.23
2007124,8.74,-0.57,1.46,-1.65,-0.3,-0.49
2007138,8.66,0.65,1.42,-2.94,-0.49,-0.75
2007151,8.96,0.42,1.0,-4.02,-0.74,-0.64
2007165,9.43,-1.39,0.32,-4.63,-0.92,-0.48
2007179,10.0,-3.73,-0.63,-4.61,-0.89,-0.25
2007192,10.41,-5.32,-1.07,-4.07,-0.63,-0.14
2007206,10.64,-6.19,-1.41,-3.08,-0.31,-0.08
2007220,10.29,-6.01,-1.19,-1.95,-0.01,-0.05
2007234,9.96,-5.04,-1.07,-0.94,0.08,-0.07
2007247,9.74,-4.39,-1.05,-0.16,0.11,-0.04
2007261,9.67,-4.41,-0.87,0.61,0.13,0.06
2007275,9.75,-4.21,-0.85,1.16,0.12,0.08
2007288,9.84,-3.16,-1.08,1.37,0.15,0.05
2007302,9.71,-2.16,-1.03,1.29,0.28,0.02
2007316,9.5,-2.09,-0.41,1.18,0.33,0.09
2007329,9.48,-3.06,-0.1,1.27,0.26,0.25
2007343,9.74,-4.52,-0.29,1.72,0.21,0.4
2007357,10.0,-5.52,-0.66,2.49,0.29,0.5
2007370,10.03,-5.45,-1.06,3.19,0.45,0.47
2007384,9.51,-3.21,-1.03,3.06,0.6,0.03
2007398,9.08,-0.73,-0.19,2.54,0.7,-0.15
2007412,8.8,-0.59,0.95,2.04,0.61,0.15
2007425,8.98,-2.39,1.58,1.8,0.34,0.43
2007439,9.36,-4.42,1.5,1.89,0.05,0.5
2007453,9.56,-4.68,0.7,2.01,-0.02,0.38
2007466,9.62,-2.77,0.42,1.62,0.13,-0.01
2007480,9.21,-0.69,1.09,0.99,0.31,-0.17
2007494,8.64,-0.55,2.1,0.32,0.2,-0.03
2007507,8.67,-1.27,2.22,-0.33,-0.05,0.08
2007521,8.91,-2.49,2.1,-0.84,-0.32,0.03
2007535,8.86,-2.03,1.71,-1.68,-0.49,-0.31
2007548,8.65,-0.03,1.49,-2.88,-0.61,-0.8
2007562,8.52,1.78,1.14,-4.21,-0.72,-0.9
2007576,8.72,0.77,0.83,-5.18,-0.98,-0.55
2007589,9.35,-2.21,0.05,-5.49,-1.2,-0.3
2007603,10.2,-4.97,-0.76,-5.26,-1.14,-0.28
2007617,10.95,-6.34,-1.37,-4.15,-0.73,-0.08
2007631,11.1,-7.39,-1.52,-2.63,-0.26,0.15
2007644,10.81,-7.27,-1.61,-1.08,0.17,0.1
2007658,10.44,-5.91,-1.68,0.3,0.47,0.01
2007672,10.09,-5.52,-1.57,1.58,0.66,0.15
2007685,9.8,-5.08,-1.05,2.49,0.63,0.11
2007699,9.6,-3.51,-1.14,2.78,0.52,-0.03
2007713,9.51,-1.57,-0.95,2.54,0.51,-0.14
2007726,9.5,-0.91,-0.36,2.25,0.54,0.08
2007740,9.47,-2.53,0.65,2.21,0.41,0.43
2007754,9.64,-4.5,0.48,2.49,0.23,0.59
2007767,9.99,-5.49,-0.3,3.11,0.27,0.65
2007781,10.13,-5.42,-0.7,3.91,0.51,0.66
2007795,9.83,-4.82,-0.7,4.47,0.72,0.59
2007808,9.16,-2.74,-0.24,4.05,0.77,0.13
2007822,8.5,0.5,0.7,2.71,0.74,-0.43
2007836,8.09,2.68,1.92,1.11,0.63,-0.55
2007849,8.08,2.62,3.03,-0.54,0.24,-0.32
2007863,8.35,0.05,3.04,-1.62,-0.33,0.17
2007877,9.07,-2.92,2.1,-1.98,-0.68,0.44
2007890,9.92,-5.77,1.29,-1.92,-0.71,0.06
2007904,9.5,-3.53,0.87,-2.31,-0.53,-0.55
2007918,9.05,-0.36,1.44,-2.82,-0.47,-0.63
2007931,8.57,0.14,1.86,-3.52,-0.78,-0.57
2007945,8.83,-0.97,1.01,-4.25,-1.15,-0.4
2007959,9.5,-1.65,-0.25,-4.82,-1.26,-0.43
2007972,10.02,-2.97,-1.22,-4.7,-1.03,-0.07
2007986,10.36,-5.41,-1.68,-3.88,-0.65,0.29
2008000,10.69,-8.37,-1.45,-2.57,-0.16,0.17
2008013,10.36,-7.3,-0.88,-1.28,0.11,-0.08
2008027,10.02,-5.4,-1.13,-0.1,0.23,-0.11
2008041,9.88,-4.69,-0.98,0.99,0.36,0.05
2008055,9.7,-4.23,-0.76,1.6,0.36,0.04
2008068,9.56,-2.64,-0.92,1.57,0.33,-0.14
2008082,9.44,-0.91,-0.79,1.11,0.37,-0.23
2008096,9.23,-0.75,0.03,0.68,0.34,-0.03
2008109,9.21,-2.43,0.42,0.53,0.13,0.22
2008123,9.64,-4.42,-0.17,0.78,0.04,0.34
2008137,10.02,-5.47,-0.32,1.49,0.16,0.42
2008150,10.08,-6.05,-0.39,2.57,0.3,0.59
2008164,10.11,-6.27,-1.08,3.76,0.48,0.69
2008178,9.65,-4.02,-1.14,3.83,0.66,0.14
2008191,9.08,-0.64,-0.7,3.24,0.81,-0.27
2008205,8.69,1.19,0.94,2.34,0.85,-0.11
2008219,8.45,0.3,2.01,1.29,0.48,0.09
2008232,8.6,-0.77,2.21,0.22,0.06,0.03
2008246,9.1,-1.75,1.83,-0.53,-0.26,0.02
2008260,9.4,-2.72,1.36,-0.92,-0.36,0.04
2008273,9.31,-2.96,1.33,-1.17,-0.38,-0.08
2008287,9.09,-2.28,1.27,-1.59,-0.42,-0.22
2008301,8.92,-1.14,1.33,-2.17,-0.53,-0.35
2008314,8.92,-0.94,1.06,-2.82,-0.67,-0.36
2008328,9.15,-1.31,0.59,-3.49,-0.79,-0.42
2008342,9.37,-1.64,0.16,-4.02,-0.82,-0.42
2008355,9.66,-2.26,-0.37,-4.25,-0.79,-0.3
2008369,9.86,-2.96,-0.86,-4.36,-0.68,-0.4
2008383,10.12,-4.05,-1.16,-3.79,-0.48,-0.15
2008396,10.31,-6.2,-1.16,-2.67,-0.23,0.12
2008410,10.37,-7.18,-1.01,-1.39,-0.06,0.04
2008424,10.22,-5.78,-1.22,-0.19,0.06,-0.07
2008437,10.02,-4.74,-1.54,0.95,0.22,0.09
2008451,9.74,-3.92,-1.32,1.51,0.31,0.01
2008465,9.53,-2.01,-1.09,1.42,0.32,-0.19
2008478,9.43,-1.02,-0.75,1.16,0.32,-0.12
2008492,9.42,-1.85,-0.28,0.97,0.23,0.09
2008505,9.62,-3.64,-0.39,1.13,0.15,0.29
2008518,9.93,-5.29,-0.64,1.74,0.21,0.43
2008532,10.11,-6.33,-0.74,2.85,0.34,0.58
2008546,10.21,-6.76,-1.37,4.2,0.53,0.68
2008560,9.95,-5.69,-1.78,4.96,0.77,0.48
2008573,9.3,-2.51,-1.26,4.75,0.93,-0.03
2008587,8.58,0.5,-0.05,3.73,0.95,-0.3
2008601,8.23,2.22,1.29,2.33,0.8,-0.39
2008614,8.26,1.86,2.52,0.8,0.43,-0.19
2008628,8.35,0.55,2.69,-0.63,-0.15,0.06
2008642,9.33,-2.02,1.75,-1.47,-0.43,0.08
2008655,9.4,-3.16,1.39,-2.15,-0.52,-0.32
2008669,9.31,-2.38,1.22,-2.49,-0.53,-0.25
2008683,9.28,-2.17,1.43,-2.7,-0.7,-0.16
2008696,9.07,-2.35,0.93,-2.98,-0.96,-0.13
2008710,9.29,-1.65,0.14,-3.64,-1.02,-0.39
2008724,9.63,-1.17,-0.38,-4.12,-0.89,-0.39
2008737,9.6,-1.73,-0.65,-4.55,-0.75,-0.35
2008751,10.01,-3.77,-0.85,-4.25,-0.63,-0.11
2008765,10.29,-6.25,-1.2,-3.32,-0.42,0.1
2008778,10.46,-7.06,-1.23,-2.06,-0.15,0.07
2008792,10.27,-6.26,-1.33,-0.85,0.06,0.0
2008806,9.98,-5.04,-1.34,0.33,0.23,0.02
2008819,9.75,-4.35,-1.21,1.2,0.31,0.07
2008833,9.6,-3.17,-1.18,1.41,0.29,-0.08
2008847,9.53,-1.7,-1.09,1.24,0.33,-0.15
2008860,9.35,-1.27,-0.57,0.95,0.31,-0.03
2008874,9.3,-2.2,-0.23,0.83,0.17,0.18
2008888,9.65,-3.97,-0.42,1.09,0.12,0.38
2008901,9.94,-5.36,-0.5,1.82,0.2,0.51
2008915,10.12,-6.02,-0.8,2.88,0.32,0.65
2008929,10.19,-6.29,-1.36,4.16,0.55,0.74
2008942,9.98,-5.64,-1.66,5.07,0.81,0.57
2008956,9.51,-3.64,-1.28,5.28,0.97,0.25
2008970,9.04,-1.56,-0.51,5.07,1.0,0.15
2008983,8.62,0.09,0.3,3.96,0.91,-0.06
2008997,8.45,1.79,1.3,2.31,0.78,-0.44
2009011,8.2,2.76,2.53,0.38,0.54,-0.49
2009024,8.08,1.73,3.61,-1.31,-0.11,-0.27
2009038,8.42,-0.41,2.53,-2.43,-0.72,0.02
2009052,9.53,-3.41,1.29,-2.88,-0.92,0.04
2009066,9.65,-4.65,1.0,-2.89,-0.85,-0.19
2009079,9.27,-2.95,1.21,-3.09,-0.82,-0.29
2009093,9.25,-1.58,1.3,-3.27,-1.01,-0.33
2009107,9.24,-1.47,0.5,-3.79,-1.15,-0.36
2009120,9.63,-1.38,-0.47,-4.36,-1.07,-0.47
2009134,9.93,-1.8,-1.02,-4.59,-0.81,-0.35
2009148,10.08,-3.97,-1.16,-4.07,-0.55,0.09
2009162,10.3,-6.54,-1.37,-3.0,-0.29,0.34
2009175,10.49,-8.17,-1.15,-1.89,-0.01,-0.0
2009189,10.08,-5.84,-0.99,-0.85,0.11,-0.27
2009203,9.74,-3.79,-1.17,0.22,0.22,-0.07
2009216,9.72,-4.44,-0.86,1.11,0.29,0.2
2009230,9.69,-4.8,-0.66,1.68,0.23,0.13
2009244,9.87,-3.65,-1.14,2.07,0.27,0.08
2009257,9.84,-3.03,-1.2,2.33,0.45,0.19
2009271,9.62,-3.13,-0.67,2.48,0.59,0.24
2009285,9.44,-3.47,-0.19,2.65,0.57,0.3
2009298,9.48,-3.68,-0.3,2.82,0.55,0.33
2009312,9.42,-3.28,-0.32,2.82,0.58,0.23
2009326,9.19,-2.08,-0.09,2.4,0.63,0.04
2009339,9.04,-1.22,0.5,1.9,0.61,-0.03
2009353,8.86,-1.24,1.21,1.23,0.41,0.04
2009367,8.85,-1.51,1.79,0.47,0.06,-0.08
2009381,9.12,-1.64,1.33,-0.18,-0.2,-0.08
2009394,9.38,-2.21,0.93,-0.64,-0.22,-0.0
2009408,9.48,-3.03,1.04,-0.91,-0.21,0.02
2009422,9.34,-3.17,1.08,-1.1,-0.28,-0.06
2009435,9.09,-2.23,0.84,-1.61,-0.41,-0.26
2009449,8.98,-0.8,0.62,-2.41,-0.49,-0.49
2009463,9.02,-0.43,0.45,-3.27,-0.62,-0.47
2009476,9.13,-0.56,-0.02,-4.31,-0.83,-0.63
2009490,9.5,-1.32,-0.8,-5.01,-0.97,-0.5
2009504,9.97,-3.22,-1.29,-4.94,-0.95,-0.24
2009517,10.31,-5.82,-1.62,-4.01,-0.81,0.11
2009531,10.49,-7.58,-1.74,-2.48,-0.53,0.33
2009545,10.48,-7.62,-1.75,-0.98,-0.23,0.21
2009558,10.01,-5.83,-1.58,0.49,0.05,0.11
2009572,9.63,-4.45,-1.43,1.59,0.21,0.16
2009586,9.46,-2.78,-1.35,1.69,0.25,-0.11
2009599,9.24,-0.77,-1.21,1.25,0.33,-0.29
2009613,9.15,-0.17,-0.62,0.71,0.38,-0.11
2009627,9.07,-1.57,0.12,0.37,0.22,0.13
2009640,9.31,-3.5,-0.43,0.3,0.02,0.23
2009654,9.74,-4.33,-0.8,0.62,0.09,0.25
2009668,9.86,-4.62,-0.85,1.27,0.2,0.33
2009681,9.92,-5.26,-0.96,2.33,0.35,0.53
2009695,9.95,-5.87,-1.16,3.36,0.51,0.63
2009709,9.81,-4.81,-1.42,3.92,0.66,0.3
2009723,9.5,-2.92,-1.15,4.13,0.84,0.15
2009737,9.29,-2.02,-0.38,4.1,0.89,0.27
2009750,8.94,-1.29,0.29,3.32,0.76,0.04
2009764,8.8,-0.14,0.68,2.17,0.65,-0.26
2009778,8.64,0.97,1.49,0.69,0.52,-0.42
2009791,8.57,0.63,2.19,-0.59,0.19,-0.27
2009805,8.62,-1.21,2.46,-1.5,-0.26,-0.09
2009819,8.96,-3.1,1.73,-2.02,-0.68,-0.12
2009832,9.18,-2.82,1.17,-2.52,-0.85,-0.25
2009846,9.31,-1.62,0.61,-3.07,-0.92,-0.37
2009860,9.0,-0.08,0.31,-4.17,-1.02,-0.67
2009873,9.26,-0.16,-0.31,-5.01,-1.14,-0.53
2009887,9.55,-1.78,-0.95,-5.34,-1.2,-0.2
2009901,10.1,-4.31,-1.76,-4.97,-1.1,0.1
2009914,10.75,-7.35,-2.42,-3.74,-0.66,0.3
2009928,10.78,-8.39,-2.01,-2.31,-0.17,0.2
2009942,10.29,-6.77,-1.5,-0.79,0.11,0.04
2009955,9.82,-5.24,-1.5,0.63,0.25,0.09
2009969,9.65,-4.68,-1.33,1.54,0.3,0.12
2009983,9.54,-3.07,-1.39,1.78,0.29,-0.1
2009996,9.4,-1.44,-1.26,1.62,0.35,-0.13
2010010,9.35,-1.32,-0.67,1.41,0.38,0.05
2010024,9.33,-2.83,-0.26,1.37,0.27,0.28
2010037,9.57,-4.31,-0.49,1.64,0.24,0.39
2010051,9.81,-5.25,-0.71,2.33,0.34,0.48
2010065,9.96,-5.76,-1.05,3.34,0.53,0.59
2010078,9.97,-5.86,-1.37,4.35,0.78,0.63
2010092,9.67,-4.94,-1.39,4.98,0.99,0.45
2010106,8.94,-2.02,-0.95,4.39,1.03,-0.12
2010119,8.25,1.56,0.14,2.88,1.01,-0.69
2010133,8.03,3.9,1.79,0.89,0.83,-0.8
2010146,7.91,3.09,3.34,-0.78,0.22,-0.44
2010159,8.28,0.33,2.28,-2.01,-0.51,0.15
2010173,9.67,-4.38,1.12,-2.5,-0.73,-0.06
2010187,9.51,-4.11,0.44,-2.97,-0.7,-0.37
2010201,9.54,-1.74,0.52,-3.4,-0.7,-0.5
2010214,9.19,-0.41,0.45,-4.0,-0.9,-0.42
2010228,9.09,-1.29,-0.55,-4.53,-1.13,-0.24
2010242,9.83,-3.15,-1.52,-4.61,-1.07,-0.1
2010255,10.18,-4.8,-2.03,-4.29,-0.8,-0.08
2010269,10.25,-5.23,-1.95,-3.62,-0.53,-0.11
2010283,10.15,-5.22,-1.86,-2.8,-0.33,-0.06
2010296,9.95,-5.16,-1.66,-1.76,-0.17,0.0
2010310,9.81,-4.99,-1.46,-0.77,-0.09,0.01
2010324,9.67,-4.83,-1.31,0.18,-0.03,0.08
2010337,9.69,-5.12,-1.18,1.21,0.03,0.21
2010351,9.65,-4.15,-1.28,1.8,0.08,0.15
2010365,9.53,-2.63,-1.67,2.03,0.24,0.12
2010378,9.4,-2.26,-1.24,2.19,0.44,0.23
2010392,9.31,-3.36,-0.64,2.47,0.46,0.39
2010406,9.53,-4.67,-0.74,2.99,0.46,0.5
2010419,9.86,-5.36,-1.13,3.8,0.59,0.56
2010433,9.9,-5.16,-1.45,4.59,0.8,0.55
2010447,9.5,-3.34,-1.47,4.47,0.91,0.17
2010460,8.93,0.01,-0.73,3.44,1.03,-0.39
2010474,8.38,1.95,0.7,1.94,0.99,-0.52
2010488,8.17,2.25,2.04,0.35,0.63,-0.53
2010501,8.36,0.6,2.36,-0.97,0.03,-0.16
2010515,9.16,-2.68,1.65,-1.61,-0.46,0.12
2010529,9.5,-4.67,1.04,-1.82,-0.66,-0.1
2010542,9.51,-3.44,0.36,-2.15,-0.67,-0.39
2010556,9.34,-1.05,0.43,-2.71,-0.63,-0.48
2010570,8.77,0.47,0.64,-3.78,-0.86,-0.62
2010583,8.69,1.27,-0.02,-5.29,-1.29,-0.84
2010597,9.38,-0.08,-1.1,-5.96,-1.53,-0.4
2010611,10.02,-4.51,-2.43,-5.59,-1.47,0.13
2010624,10.6,-8.2,-2.79,-4.24,-1.0,0.32
2010638,10.72,-8.85,-2.33,-2.57,-0.51,0.33
2010652,10.4,-7.2,-2.15,-0.86,-0.14,0.14
2010666,9.88,-5.01,-2.03,0.55,0.17,0.03
2010679,9.58,-4.31,-1.63,1.55,0.34,0.07
2010693,9.47,-3.3,-1.34,1.91,0.34,-0.08
2010707,9.46,-2.47,-1.39,2.15,0.37,0.02
2010720,9.55,-3.06,-1.13,2.45,0.44,0.26
2010734,9.62,-4.4,-1.02,2.97,0.47,0.44
2010748,9.84,-5.38,-1.42,3.77,0.61,0.55
2010762,10.04,-5.57,-1.8,4.7,0.84,0.55
2010775,9.87,-5.01,-1.92,5.55,1.09,0.53
2010789,9.51,-3.69,-1.75,5.76,1.21,0.33
2010803,9.01,-1.14,-1.19,5.02,1.27,-0.12
2010816,8.41,1.7,0.12,3.3,1.24,-0.61
2010830,7.99,3.68,1.84,1.28,1.03,-0.87
2010844,7.82,3.14,3.72,-0.73,0.33,-0.51
2010857,8.04,0.33,2.59,-2.05,-0.65,0.09
2010871,9.74,-4.35,0.83,-2.43,-0.83,0.17
2010885,9.72,-5.25,0.47,-2.65,-0.68,-0.31
2010898,9.28,-2.78,1.04,-2.85,-0.72,-0.3
2010912,9.17,-1.43,0.95,-3.12,-1.02,-0.24
2010926,8.97,-1.54,-0.04,-3.85,-1.25,-0.37
2010939,9.28,-0.34,-0.91,-5.08,-1.23,-0.8
2010953,9.56,0.21,-1.06,-5.79,-1.19,-0.6
2010967,9.54,-2.8,-1.67,-5.5,-1.27,0.21
2010980,10.49,-7.64,-2.77,-4.51,-1.02,0.33
2010994,10.76,-8.57,-2.46,-3.1,-0.44,0.14
2011008,10.33,-6.74,-1.83,-1.37,-0.09,0.11
2011022,9.91,-5.32,-1.99,-0.01,0.12,0.11
2011035,9.61,-5.01,-1.72,1.29,0.31,0.17
2011049,9.56,-4.23,-1.46,1.94,0.35,0.0
2011063,9.44,-2.46,-1.68,2.03,0.37,-0.14
2011076,9.32,-0.92,-1.49,1.75,0.46,-0.14
2011090,9.21,-0.94,-0.71,1.43,0.46,0.05
2011104,9.23,-2.44,-0.51,1.37,0.32,0.28
2011117,9.63,-4.28,-0.73,1.71,0.27,0.43
2011131,9.87,-5.43,-0.98,2.51,0.37,0.53
2011145,10.02,-5.86,-1.39,3.5,0.53,0.61
2011158,9.84,-4.5,-1.91,3.86,0.72,0.28
2011172,9.11,-0.77,-1.47,3.05,0.91,-0.41
2011186,8.58,1.8,-0.09,1.95,0.97,-0.56
2011199,8.4,1.43,1.27,0.86,0.67,-0.21
2011213,8.72,-1.4,1.5,0.11,0.17,0.18
2011227,9.16,-4.07,1.35,-0.23,-0.23,0.12
2011240,9.38,-3.89,0.37,-0.53,-0.38,-0.07
2011254,9.7,-2.35,0.15,-0.85,-0.3,-0.22
2011268,8.99,-1.13,0.27,-1.53,-0.24,-0.35
2011281,8.46,0.47,0.79,-2.81,-0.45,-0.62
2011295,8.44,1.5,0.48,-4.54,-0.94,-0.82
2011309,8.66,1.82,-0.51,-5.95,-1.42,-0.83
2011323,9.74,-1.76,-2.11,-6.06,-1.61,-0.02
2011337,10.31,-7.03,-2.94,-4.99,-1.27,0.38
2011350,10.79,-9.07,-2.54,-3.2,-0.73,0.51
2011364,10.84,-8.44,-2.47,-1.31,-0.28,0.34
2011378,10.32,-6.36,-2.49,0.48,0.18,0.15
2011391,9.8,-4.79,-2.15,1.82,0.48,0.02
2011405,9.5,-3.03,-1.75,2.18,0.53,-0.25
2011419,9.38,-1.47,-1.42,2.23,0.51,-0.24
2011432,9.28,-1.42,-0.95,1.99,0.43,-0.05
2011446,9.33,-1.71,-0.79,1.65,0.3,-0.0
2011460,9.52,-2.66,-0.89,1.58,0.29,0.22
2011473,9.68,-4.27,-0.77,1.95,0.32,0.4
2011487,9.77,-5.4,-0.81,2.65,0.39,0.5
2011501,9.93,-6.02,-1.27,3.73,0.52,0.6
2011514,9.93,-5.55,-1.81,4.55,0.74,0.49
2011528,9.26,-2.51,-1.76,4.01,0.9,-0.19
2011542,8.49,1.59,-0.45,2.51,1.01,-0.77
2011555,8.03,3.65,1.36,0.65,0.81,-0.81
2011569,8.05,2.44,2.23,-0.89,0.27,-0.37
2011583,8.54,-1.34,1.99,-2.02,-0.44,0.07
2011596,9.27,-4.48,0.68,-2.52,-0.87,-0.16
2011610,9.72,-4.16,-0.48,-2.72,-0.74,-0.26
2011624,9.79,-2.71,-0.28,-2.82,-0.55,-0.27
2011637,9.13,-0.94,-0.08,-3.49,-0.69,-0.43
2011651,9.11,-0.08,-0.39,-4.11,-0.93,-0.42
2011665,9.76,-2.48,-1.23,-4.08,-1.03,0.01
2011678,10.18,-6.09,-1.79,-3.24,-0.85,0.26
2011692,10.41,-7.43,-1.77,-2.04,-0.54,0.29
2011706,10.44,-6.59,-1.75,-0.67,-0.22,0.19
2011720,10.04,-4.72,-1.84,0.4,0.07,0.07
2011733,9.66,-3.15,-1.6,0.95,0.27,-0.04
2011747,9.37,-2.0,-1.31,0.98,0.37,-0.16
2011761,9.25,-1.28,-0.89,0.7,0.36,-0.22
2011774,9.27,-1.59,-0.55,0.5,0.27,-0.05
2011788,9.49,-3.19,-0.72,0.62,0.13,0.18
2011802,9.78,-4.88,-1.08,1.19,0.21,0.33
2011815,9.94,-5.83,-0.94,2.16,0.34,0.47
2011829,10.08,-6.47,-1.32,3.55,0.48,0.66
2011843,10.14,-6.45,-1.92,4.93,0.74,0.7
2011856,9.67,-4.59,-2.27,5.23,0.93,0.29
2011870,8.88,-0.21,-1.38,4.23,1.04,-0.51
2011884,8.31,2.75,0.19,2.88,1.09,-0.56
2011898,8.15,2.31,1.85,1.42,0.77,-0.25
2011911,8.07,0.79,2.28,-0.06,0.24,-0.13
2011925,8.55,-0.75,1.87,-1.16,-0.26,-0.04
2011939,9.29,-2.74,1.34,-1.75,-0.49,-0.11
2011952,9.42,-3.4,0.63,-2.05,-0.57,-0.37
2011966,9.37,-2.19,0.71,-2.39,-0.55,-0.44
2011980,9.21,-0.87,1.07,-2.99,-0.8,-0.45
2011993,9.22,-0.59,0.12,-3.77,-1.12,-0.54
2012007,9.81,-0.86,-1.1,-4.51,-1.15,-0.46
2012021,10.11,-2.84,-1.63,-4.3,-0.93,0.01
2012035,10.32,-6.45,-1.94,-3.42,-0.63,0.31
2012048,10.41,-7.51,-1.58,-2.44,-0.31,0.01
2012062,10.08,-5.04,-1.36,-1.42,-0.17,-0.16
2012076,9.81,-3.53,-1.63,-0.61,-0.05,-0.1
2012089,9.78,-3.65,-1.19,0.09,0.06,-0.02
2012103,9.72,-4.0,-0.99,0.6,0.05,0.0
2012117,9.81,-3.61,-1.18,0.91,0.05,-0.0
2012130,9.75,-2.81,-1.32,1.04,0.14,-0.0
2012144,9.5,-2.31,-1.05,1.01,0.21,0.04
2012158,9.37,-2.43,-0.85,0.99,0.21,0.11
2012171,9.46,-3.27,-0.79,1.18,0.21,0.23
2012185,9.63,-4.41,-0.82,1.71,0.25,0.33
2012199,9.91,-5.27,-1.15,2.5,0.37,0.44
2012212,9.94,-5.58,-1.33,3.43,0.58,0.47
2012226,9.68,-4.62,-1.38,4.03,0.76,0.3
2012240,9.25,-2.54,-1.07,3.84,0.86,0.02
2012253,8.71,0.13,-0.05,2.86,0.85,-0.37
2012267,8.32,1.72,1.13,1.48,0.7,-0.48
2012281,8.14,2.19,2.2,-0.12,0.2,-0.4
2012294,8.82,0.56,1.37,-1.37,-0.27,0.03
2012308,9.55,-2.8,0.93,-2.0,-0.41,-0.01
2012322,9.27,-3.4,0.43,-2.5,-0.44,-0.28
2012335,9.45,-2.12,0.44,-2.89,-0.47,-0.36
2012349,9.12,-0.15,0.45,-3.7,-0.69,-0.59
2012363,9.24,0.43,-0.48,-4.62,-0.92,-0.52
2012376,9.89,-1.68,-1.13,-4.86,-0.94,-0.26
2012390,10.4,-5.37,-1.89,-4.14,-0.73,0.11
2012404,10.53,-7.85,-1.83,-2.77,-0.36,0.24
2012417,10.48,-7.0,-1.53,-1.36,-0.14,0.04
2012431,10.12,-4.68,-1.82,-0.34,-0.01,-0.07
2012445,9.83,-3.0,-1.69,0.4,0.15,-0.08
